<?xml version="1.0" encoding="UTF-8"?>
<configuration scan="true" scanPeriod="30 seconds">

    <!-- define the log folder and filename pattern -->
    <property name="LOG_PATH" value="logs" />
    <property name="LOG_FILE_NAME" value="app" />

    <!-- console appender (optional) -->
    <appender name="CONSOLE" class="ch.qos.logback.core.ConsoleAppender">
        <encoder>
            <pattern>%d{yyyy-MM-dd HH:mm:ss} - %logger{36} - %msg%n</pattern>
        </encoder>
    </appender>

    <!-- file Appender with Rolling Policy based on date and size -->
    <appender name="FILE" class="ch.qos.logback.core.rolling.RollingFileAppender">
        <file>${LOG_PATH}/${LOG_FILE_NAME}.log</file>
        <rollingPolicy class="ch.qos.logback.core.rolling.TimeBasedRollingPolicy">
            <!-- daily rollover -->
            <fileNamePattern>${LOG_PATH}/${LOG_FILE_NAME}-%d{yyyy-MM-dd_HH:mm:ss}.log</fileNamePattern>

            <!-- keep 30 days of logs -->
            <maxHistory>30</maxHistory>
        </rollingPolicy>
        <encoder>
            <pattern>%d{yyyy-MM-dd HH:mm:ss} [%thread] %-5level %logger{36} - %msg%n</pattern>
        </encoder>
    </appender>

    <!-- root logger -->
    <root level="INFO">
        <appender-ref ref="CONSOLE" />
        <appender-ref ref="FILE" />
    </root>

</configuration>
